{
  "GetBooking after Partial Update" : {
    "transaction" : "GetBooking after Partial Update",
    "sampleCount" : 1000,
    "errorCount" : 0,
    "errorPct" : 0.0,
    "meanResTime" : 257.59899999999993,
    "medianResTime" : 256.0,
    "minResTime" : 252.0,
    "maxResTime" : 312.0,
    "pct1ResTime" : 265.0,
    "pct2ResTime" : 268.0,
    "pct3ResTime" : 295.95000000000005,
    "throughput" : 35.94794737220504,
    "receivedKBytesPerSec" : 14.568748202602631,
    "sentKBytesPerSec" : 6.564713045510101
  },
  "GetBooking after Update" : {
    "transaction" : "GetBooking after Update",
    "sampleCount" : 1000,
    "errorCount" : 0,
    "errorPct" : 0.0,
    "meanResTime" : 257.99300000000034,
    "medianResTime" : 255.0,
    "minResTime" : 252.0,
    "maxResTime" : 558.0,
    "pct1ResTime" : 265.0,
    "pct2ResTime" : 270.0,
    "pct3ResTime" : 297.98,
    "throughput" : 35.94794737220504,
    "receivedKBytesPerSec" : 14.568748202602631,
    "sentKBytesPerSec" : 6.564713045510101
  },
  "PartialUpdateBooking" : {
    "transaction" : "PartialUpdateBooking",
    "sampleCount" : 1000,
    "errorCount" : 0,
    "errorPct" : 0.0,
    "meanResTime" : 259.07700000000017,
    "medianResTime" : 257.0,
    "minResTime" : 251.0,
    "maxResTime" : 313.0,
    "pct1ResTime" : 267.0,
    "pct2ResTime" : 271.0,
    "pct3ResTime" : 288.97,
    "throughput" : 35.94407102548435,
    "receivedKBytesPerSec" : 14.56717722224219,
    "sentKBytesPerSec" : 11.057014036159735
  },
  "Total" : {
    "transaction" : "Total",
    "sampleCount" : 8000,
    "errorCount" : 0,
    "errorPct" : 0.0,
    "meanResTime" : 268.4901249999997,
    "medianResTime" : 256.0,
    "minResTime" : 251.0,
    "maxResTime" : 1901.0,
    "pct1ResTime" : 266.0,
    "pct2ResTime" : 272.0,
    "pct3ResTime" : 1022.0,
    "throughput" : 255.4278416347382,
    "receivedKBytesPerSec" : 95.03711685823755,
    "sentKBytesPerSec" : 73.02392640485313
  },
  "Auth" : {
    "transaction" : "Auth",
    "sampleCount" : 1000,
    "errorCount" : 0,
    "errorPct" : 0.0,
    "meanResTime" : 339.40100000000024,
    "medianResTime" : 255.0,
    "minResTime" : 251.0,
    "maxResTime" : 1901.0,
    "pct1ResTime" : 946.1999999999844,
    "pct2ResTime" : 1030.9499999999998,
    "pct3ResTime" : 1112.88,
    "throughput" : 33.87304383171872,
    "receivedKBytesPerSec" : 8.964448123433373,
    "sentKBytesPerSec" : 8.501340102296593
  },
  "Create Booking" : {
    "transaction" : "Create Booking",
    "sampleCount" : 1000,
    "errorCount" : 0,
    "errorPct" : 0.0,
    "meanResTime" : 258.0429999999999,
    "medianResTime" : 256.0,
    "minResTime" : 252.0,
    "maxResTime" : 307.0,
    "pct1ResTime" : 265.0,
    "pct2ResTime" : 269.0,
    "pct3ResTime" : 284.0,
    "throughput" : 35.90148632153371,
    "receivedKBytesPerSec" : 15.741960310906872,
    "sentKBytesPerSec" : 16.0925607632656
  },
  "GetBooking" : {
    "transaction" : "GetBooking",
    "sampleCount" : 1000,
    "errorCount" : 0,
    "errorPct" : 0.0,
    "meanResTime" : 257.9310000000006,
    "medianResTime" : 255.0,
    "minResTime" : 251.0,
    "maxResTime" : 559.0,
    "pct1ResTime" : 266.0,
    "pct2ResTime" : 270.94999999999993,
    "pct3ResTime" : 286.99,
    "throughput" : 35.93502946672416,
    "receivedKBytesPerSec" : 14.738976929711082,
    "sentKBytesPerSec" : 6.562354013942792
  },
  "UpdateBooking " : {
    "transaction" : "UpdateBooking ",
    "sampleCount" : 1000,
    "errorCount" : 0,
    "errorPct" : 0.0,
    "meanResTime" : 259.83299999999963,
    "medianResTime" : 257.0,
    "minResTime" : 252.0,
    "maxResTime" : 327.0,
    "pct1ResTime" : 268.0,
    "pct2ResTime" : 272.0,
    "pct3ResTime" : 302.99,
    "throughput" : 35.94148725874276,
    "receivedKBytesPerSec" : 14.566130090213132,
    "sentKBytesPerSec" : 17.30386056500018
  },
  "DeleteBooking" : {
    "transaction" : "DeleteBooking",
    "sampleCount" : 1000,
    "errorCount" : 0,
    "errorPct" : 0.0,
    "meanResTime" : 258.04399999999976,
    "medianResTime" : 256.0,
    "minResTime" : 252.0,
    "maxResTime" : 322.0,
    "pct1ResTime" : 266.0,
    "pct2ResTime" : 269.0,
    "pct3ResTime" : 284.99,
    "throughput" : 35.94794737220504,
    "receivedKBytesPerSec" : 8.70614350420591,
    "sentKBytesPerSec" : 9.02209226040693
  }
}