{
  "GetBooking after Partial Update" : {
    "transaction" : "GetBooking after Partial Update",
    "sampleCount" : 9000,
    "errorCount" : 0,
    "errorPct" : 0.0,
    "meanResTime" : 1045.4766666666708,
    "medianResTime" : 1122.0,
    "minResTime" : 256.0,
    "maxResTime" : 3103.0,
    "pct1ResTime" : 1285.0,
    "pct2ResTime" : 1367.0,
    "pct3ResTime" : 1684.0,
    "throughput" : 82.06063369044905,
    "receivedKBytesPerSec" : 33.2569950991566,
    "sentKBytesPerSec" : 15.046800205151584
  },
  "GetBooking after Update" : {
    "transaction" : "GetBooking after Update",
    "sampleCount" : 9000,
    "errorCount" : 0,
    "errorPct" : 0.0,
    "meanResTime" : 1053.0201111111082,
    "medianResTime" : 1124.0,
    "minResTime" : 268.0,
    "maxResTime" : 3486.0,
    "pct1ResTime" : 1289.9000000000005,
    "pct2ResTime" : 1386.949999999999,
    "pct3ResTime" : 1754.9899999999998,
    "throughput" : 82.17602103706139,
    "receivedKBytesPerSec" : 33.303758525762184,
    "sentKBytesPerSec" : 15.06795785739721
  },
  "PartialUpdateBooking" : {
    "transaction" : "PartialUpdateBooking",
    "sampleCount" : 9000,
    "errorCount" : 0,
    "errorPct" : 0.0,
    "meanResTime" : 1825.6129999999978,
    "medianResTime" : 1980.0,
    "minResTime" : 271.0,
    "maxResTime" : 4263.0,
    "pct1ResTime" : 2328.0,
    "pct2ResTime" : 2495.0,
    "pct3ResTime" : 2791.0,
    "throughput" : 82.03594997630073,
    "receivedKBytesPerSec" : 33.24699144547344,
    "sentKBytesPerSec" : 25.296767897509753
  },
  "Total" : {
    "transaction" : "Total",
    "sampleCount" : 72000,
    "errorCount" : 0,
    "errorPct" : 0.0,
    "meanResTime" : 1246.90412500001,
    "medianResTime" : 1115.0,
    "minResTime" : 252.0,
    "maxResTime" : 4395.0,
    "pct1ResTime" : 2082.0,
    "pct2ResTime" : 2264.0,
    "pct3ResTime" : 2624.9900000000016,
    "throughput" : 633.4626652941641,
    "receivedKBytesPerSec" : 235.75162654736454,
    "sentKBytesPerSec" : 181.45364834903793
  },
  "Auth" : {
    "transaction" : "Auth",
    "sampleCount" : 9000,
    "errorCount" : 0,
    "errorPct" : 0.0,
    "meanResTime" : 367.6725555555546,
    "medianResTime" : 269.0,
    "minResTime" : 252.0,
    "maxResTime" : 4268.0,
    "pct1ResTime" : 1080.800000000001,
    "pct2ResTime" : 1119.0,
    "pct3ResTime" : 1362.0,
    "throughput" : 81.65339043022264,
    "receivedKBytesPerSec" : 21.609442193935877,
    "sentKBytesPerSec" : 20.493087246647676
  },
  "Create Booking" : {
    "transaction" : "Create Booking",
    "sampleCount" : 9000,
    "errorCount" : 0,
    "errorPct" : 0.0,
    "meanResTime" : 1027.216333333332,
    "medianResTime" : 1117.0,
    "minResTime" : 272.0,
    "maxResTime" : 2140.0,
    "pct1ResTime" : 1275.0,
    "pct2ResTime" : 1346.0,
    "pct3ResTime" : 1475.9699999999993,
    "throughput" : 82.87521754744606,
    "receivedKBytesPerSec" : 36.40056527804636,
    "sentKBytesPerSec" : 37.14816880300561
  },
  "GetBooking" : {
    "transaction" : "GetBooking",
    "sampleCount" : 9000,
    "errorCount" : 0,
    "errorPct" : 0.0,
    "meanResTime" : 1033.1836666666684,
    "medianResTime" : 1120.0,
    "minResTime" : 268.0,
    "maxResTime" : 2161.0,
    "pct1ResTime" : 1267.0,
    "pct2ResTime" : 1349.0,
    "pct3ResTime" : 1602.9399999999987,
    "throughput" : 82.66056815363844,
    "receivedKBytesPerSec" : 33.903748656765764,
    "sentKBytesPerSec" : 15.156805375692281
  },
  "UpdateBooking " : {
    "transaction" : "UpdateBooking ",
    "sampleCount" : 9000,
    "errorCount" : 0,
    "errorPct" : 0.0,
    "meanResTime" : 1815.0268888888875,
    "medianResTime" : 1986.0,
    "minResTime" : 273.0,
    "maxResTime" : 4395.0,
    "pct1ResTime" : 2300.9000000000005,
    "pct2ResTime" : 2450.0,
    "pct3ResTime" : 2667.99,
    "throughput" : 82.28721896628967,
    "receivedKBytesPerSec" : 33.34882409278341,
    "sentKBytesPerSec" : 39.67808268494052
  },
  "DeleteBooking" : {
    "transaction" : "DeleteBooking",
    "sampleCount" : 9000,
    "errorCount" : 0,
    "errorPct" : 0.0,
    "meanResTime" : 1808.0237777777736,
    "medianResTime" : 1978.0,
    "minResTime" : 253.0,
    "maxResTime" : 3980.0,
    "pct1ResTime" : 2348.0,
    "pct2ResTime" : 2441.0,
    "pct3ResTime" : 2645.0,
    "throughput" : 82.07260689957047,
    "receivedKBytesPerSec" : 19.876959483489728,
    "sentKBytesPerSec" : 20.659427748748392
  }
}