{
  "GetBooking after Partial Update" : {
    "transaction" : "GetBooking after Partial Update",
    "sampleCount" : 9500,
    "errorCount" : 0,
    "errorPct" : 0.0,
    "meanResTime" : 1420.1656842105292,
    "medianResTime" : 1473.0,
    "minResTime" : 270.0,
    "maxResTime" : 2330.0,
    "pct1ResTime" : 1747.0,
    "pct2ResTime" : 1816.0,
    "pct3ResTime" : 2097.0,
    "throughput" : 64.19135781614244,
    "receivedKBytesPerSec" : 26.015052239940538,
    "sentKBytesPerSec" : 11.7851320990574
  },
  "GetBooking after Update" : {
    "transaction" : "GetBooking after Update",
    "sampleCount" : 9500,
    "errorCount" : 0,
    "errorPct" : 0.0,
    "meanResTime" : 1450.9338947368492,
    "medianResTime" : 1477.0,
    "minResTime" : 268.0,
    "maxResTime" : 2323.0,
    "pct1ResTime" : 1838.8999999999996,
    "pct2ResTime" : 1952.0,
    "pct3ResTime" : 2160.99,
    "throughput" : 64.62497108882873,
    "receivedKBytesPerSec" : 26.190784181507734,
    "sentKBytesPerSec" : 11.864740785839647
  },
  "PartialUpdateBooking" : {
    "transaction" : "PartialUpdateBooking",
    "sampleCount" : 9500,
    "errorCount" : 0,
    "errorPct" : 0.0,
    "meanResTime" : 2544.9166315789466,
    "medianResTime" : 2650.0,
    "minResTime" : 275.0,
    "maxResTime" : 3642.0,
    "pct1ResTime" : 3137.8999999999996,
    "pct2ResTime" : 3314.0,
    "pct3ResTime" : 3410.0,
    "throughput" : 64.27865813226518,
    "receivedKBytesPerSec" : 26.050432739150438,
    "sentKBytesPerSec" : 19.835992158003705
  },
  "Total" : {
    "transaction" : "Total",
    "sampleCount" : 76000,
    "errorCount" : 0,
    "errorPct" : 0.0,
    "meanResTime" : 1699.2111973684098,
    "medianResTime" : 1766.0,
    "minResTime" : 265.0,
    "maxResTime" : 4358.0,
    "pct1ResTime" : 3199.0,
    "pct2ResTime" : 3332.0,
    "pct3ResTime" : 3409.9900000000016,
    "throughput" : 500.82372322899505,
    "receivedKBytesPerSec" : 186.40277491762768,
    "sentKBytesPerSec" : 143.54664332784185
  },
  "Auth" : {
    "transaction" : "Auth",
    "sampleCount" : 9500,
    "errorCount" : 0,
    "errorPct" : 0.0,
    "meanResTime" : 371.8313684210515,
    "medianResTime" : 270.0,
    "minResTime" : 265.0,
    "maxResTime" : 4358.0,
    "pct1ResTime" : 1054.5999999999221,
    "pct2ResTime" : 1117.0,
    "pct3ResTime" : 1209.0,
    "throughput" : 65.42068946520307,
    "receivedKBytesPerSec" : 17.313483247138706,
    "sentKBytesPerSec" : 16.41905975835663
  },
  "Create Booking" : {
    "transaction" : "Create Booking",
    "sampleCount" : 9500,
    "errorCount" : 0,
    "errorPct" : 0.0,
    "meanResTime" : 1369.483999999997,
    "medianResTime" : 1453.0,
    "minResTime" : 269.0,
    "maxResTime" : 2160.0,
    "pct1ResTime" : 1672.0,
    "pct2ResTime" : 1759.949999999999,
    "pct3ResTime" : 1843.9899999999998,
    "throughput" : 65.86838802720712,
    "receivedKBytesPerSec" : 28.94606895726875,
    "sentKBytesPerSec" : 29.524990336414124
  },
  "GetBooking" : {
    "transaction" : "GetBooking",
    "sampleCount" : 9500,
    "errorCount" : 0,
    "errorPct" : 0.0,
    "meanResTime" : 1385.362210526309,
    "medianResTime" : 1458.0,
    "minResTime" : 269.0,
    "maxResTime" : 2305.0,
    "pct1ResTime" : 1686.8999999999996,
    "pct2ResTime" : 1777.0,
    "pct3ResTime" : 1920.9899999999998,
    "throughput" : 65.5127232604648,
    "receivedKBytesPerSec" : 26.870452899800014,
    "sentKBytesPerSec" : 12.027726536100959
  },
  "UpdateBooking " : {
    "transaction" : "UpdateBooking ",
    "sampleCount" : 9500,
    "errorCount" : 0,
    "errorPct" : 0.0,
    "meanResTime" : 2520.9914736842097,
    "medianResTime" : 2646.0,
    "minResTime" : 271.0,
    "maxResTime" : 3559.0,
    "pct1ResTime" : 3119.0,
    "pct2ResTime" : 3273.949999999999,
    "pct3ResTime" : 3411.0,
    "throughput" : 64.879188122328,
    "receivedKBytesPerSec" : 26.29381159254504,
    "sentKBytesPerSec" : 31.299139582451208
  },
  "DeleteBooking" : {
    "transaction" : "DeleteBooking",
    "sampleCount" : 9500,
    "errorCount" : 0,
    "errorPct" : 0.0,
    "meanResTime" : 2530.004315789474,
    "medianResTime" : 2663.0,
    "minResTime" : 272.0,
    "maxResTime" : 3529.0,
    "pct1ResTime" : 3116.0,
    "pct2ResTime" : 3278.0,
    "pct3ResTime" : 3407.0,
    "throughput" : 64.1735793996055,
    "receivedKBytesPerSec" : 15.542038760841956,
    "sentKBytesPerSec" : 16.16873387216623
  }
}