{
  "GetBooking after Partial Update" : {
    "transaction" : "GetBooking after Partial Update",
    "sampleCount" : 21000,
    "errorCount" : 304,
    "errorPct" : 1.4476191,
    "meanResTime" : 2968.354714285717,
    "medianResTime" : 3125.0,
    "minResTime" : 0.0,
    "maxResTime" : 25181.0,
    "pct1ResTime" : 3602.0,
    "pct2ResTime" : 3738.0,
    "pct3ResTime" : 4233.94000000001,
    "throughput" : 67.8676000077563,
    "receivedKBytesPerSec" : 29.08539155464473,
    "sentKBytesPerSec" : 12.385234196746557
  },
  "GetBooking after Update" : {
    "transaction" : "GetBooking after Update",
    "sampleCount" : 21000,
    "errorCount" : 191,
    "errorPct" : 0.9095238,
    "meanResTime" : 2965.5046666666526,
    "medianResTime" : 3142.0,
    "minResTime" : 0.0,
    "maxResTime" : 11311.0,
    "pct1ResTime" : 3572.0,
    "pct2ResTime" : 3695.0,
    "pct3ResTime" : 4100.0,
    "throughput" : 68.06116429965061,
    "receivedKBytesPerSec" : 28.643131438464607,
    "sentKBytesPerSec" : 12.418190505832193
  },
  "PartialUpdateBooking" : {
    "transaction" : "PartialUpdateBooking",
    "sampleCount" : 21000,
    "errorCount" : 351,
    "errorPct" : 1.6714286,
    "meanResTime" : 5528.873904761907,
    "medianResTime" : 5917.0,
    "minResTime" : 3.0,
    "maxResTime" : 16157.0,
    "pct1ResTime" : 6633.0,
    "pct2ResTime" : 6834.950000000001,
    "pct3ResTime" : 7259.0,
    "throughput" : 67.9016137950212,
    "receivedKBytesPerSec" : 27.572415883844588,
    "sentKBytesPerSec" : 20.89599223355083
  },
  "Total" : {
    "transaction" : "Total",
    "sampleCount" : 168000,
    "errorCount" : 1548,
    "errorPct" : 0.92142856,
    "meanResTime" : 3603.118750000022,
    "medianResTime" : 3066.0,
    "minResTime" : 0.0,
    "maxResTime" : 25181.0,
    "pct1ResTime" : 5914.0,
    "pct2ResTime" : 6048.0,
    "pct3ResTime" : 6122.0,
    "throughput" : 535.3267883260523,
    "receivedKBytesPerSec" : 202.0356010238125,
    "sentKBytesPerSec" : 152.89448635314997
  },
  "Auth" : {
    "transaction" : "Auth",
    "sampleCount" : 21000,
    "errorCount" : 9,
    "errorPct" : 0.042857144,
    "meanResTime" : 641.1090952380961,
    "medianResTime" : 270.0,
    "minResTime" : 5.0,
    "maxResTime" : 11466.0,
    "pct1ResTime" : 817.0,
    "pct2ResTime" : 2212.0,
    "pct3ResTime" : 6172.990000000002,
    "throughput" : 68.68199256272138,
    "receivedKBytesPerSec" : 18.22498902314583,
    "sentKBytesPerSec" : 17.231003705557026
  },
  "Create Booking" : {
    "transaction" : "Create Booking",
    "sampleCount" : 21000,
    "errorCount" : 27,
    "errorPct" : 0.12857144,
    "meanResTime" : 2824.451857142866,
    "medianResTime" : 3040.0,
    "minResTime" : 107.0,
    "maxResTime" : 12073.0,
    "pct1ResTime" : 3449.0,
    "pct2ResTime" : 3602.9500000000007,
    "pct3ResTime" : 3789.9900000000016,
    "throughput" : 68.8870154536538,
    "receivedKBytesPerSec" : 30.09785633756442,
    "sentKBytesPerSec" : 30.709010765031312
  },
  "GetBooking" : {
    "transaction" : "GetBooking",
    "sampleCount" : 21000,
    "errorCount" : 74,
    "errorPct" : 0.35238096,
    "meanResTime" : 2869.4838095238033,
    "medianResTime" : 3074.0,
    "minResTime" : 1.0,
    "maxResTime" : 12191.0,
    "pct1ResTime" : 3551.0,
    "pct2ResTime" : 3686.0,
    "pct3ResTime" : 3861.0,
    "throughput" : 68.60973800881472,
    "receivedKBytesPerSec" : 28.196761370226312,
    "sentKBytesPerSec" : 12.546058242929112
  },
  "UpdateBooking " : {
    "transaction" : "UpdateBooking ",
    "sampleCount" : 21000,
    "errorCount" : 207,
    "errorPct" : 0.98571426,
    "meanResTime" : 5520.713380952418,
    "medianResTime" : 5959.0,
    "minResTime" : 7.0,
    "maxResTime" : 10340.0,
    "pct1ResTime" : 6689.9000000000015,
    "pct2ResTime" : 6961.0,
    "pct3ResTime" : 7227.0,
    "throughput" : 68.19886789879288,
    "receivedKBytesPerSec" : 27.791111612115692,
    "sentKBytesPerSec" : 32.824675832107374
  },
  "DeleteBooking" : {
    "transaction" : "DeleteBooking",
    "sampleCount" : 21000,
    "errorCount" : 385,
    "errorPct" : 1.8333334,
    "meanResTime" : 5506.458571428568,
    "medianResTime" : 5873.0,
    "minResTime" : 4.0,
    "maxResTime" : 10070.0,
    "pct1ResTime" : 6683.0,
    "pct2ResTime" : 6952.0,
    "pct3ResTime" : 7176.990000000002,
    "throughput" : 67.88559015206371,
    "receivedKBytesPerSec" : 16.498654461133885,
    "sentKBytesPerSec" : 17.063171254129706
  }
}