{
  "GetBooking after Partial Update" : {
    "transaction" : "GetBooking after Partial Update",
    "sampleCount" : 25000,
    "errorCount" : 2025,
    "errorPct" : 8.1,
    "meanResTime" : 4723.936520000007,
    "medianResTime" : 4423.0,
    "minResTime" : 0.0,
    "maxResTime" : 17672.0,
    "pct1ResTime" : 5915.9000000000015,
    "pct2ResTime" : 7558.9000000000015,
    "pct3ResTime" : 8968.950000000008,
    "throughput" : 52.376971731100824,
    "receivedKBytesPerSec" : 30.844639066359527,
    "sentKBytesPerSec" : 9.353559404782855
  },
  "GetBooking after Update" : {
    "transaction" : "GetBooking after Update",
    "sampleCount" : 25000,
    "errorCount" : 1186,
    "errorPct" : 4.744,
    "meanResTime" : 4756.539279999966,
    "medianResTime" : 4396.0,
    "minResTime" : 0.0,
    "maxResTime" : 16390.0,
    "pct1ResTime" : 7189.9000000000015,
    "pct2ResTime" : 7551.950000000001,
    "pct3ResTime" : 8935.0,
    "throughput" : 52.37247302817639,
    "receivedKBytesPerSec" : 26.34024227178695,
    "sentKBytesPerSec" : 9.351217578165915
  },
  "PartialUpdateBooking" : {
    "transaction" : "PartialUpdateBooking",
    "sampleCount" : 25000,
    "errorCount" : 2240,
    "errorPct" : 8.96,
    "meanResTime" : 8956.464639999958,
    "medianResTime" : 8559.0,
    "minResTime" : 0.0,
    "maxResTime" : 24683.0,
    "pct1ResTime" : 10997.900000000001,
    "pct2ResTime" : 14365.95,
    "pct3ResTime" : 15921.990000000002,
    "throughput" : 52.37192445873616,
    "receivedKBytesPerSec" : 22.709182467712708,
    "sentKBytesPerSec" : 15.853785524531009
  },
  "Total" : {
    "transaction" : "Total",
    "sampleCount" : 200000,
    "errorCount" : 9955,
    "errorPct" : 4.9775,
    "meanResTime" : 5599.143784999993,
    "medianResTime" : 4309.0,
    "minResTime" : 0.0,
    "maxResTime" : 34552.0,
    "pct1ResTime" : 8352.0,
    "pct2ResTime" : 8590.95,
    "pct3ResTime" : 8673.0,
    "throughput" : 415.73299963831226,
    "receivedKBytesPerSec" : 173.56660092996876,
    "sentKBytesPerSec" : 117.7727619338756
  },
  "Auth" : {
    "transaction" : "Auth",
    "sampleCount" : 25000,
    "errorCount" : 278,
    "errorPct" : 1.112,
    "meanResTime" : 669.8975200000001,
    "medianResTime" : 272.0,
    "minResTime" : 0.0,
    "maxResTime" : 34552.0,
    "pct1ResTime" : 839.0,
    "pct2ResTime" : 1499.9500000000007,
    "pct3ResTime" : 4361.990000000002,
    "throughput" : 52.2504258409706,
    "receivedKBytesPerSec" : 14.873971564665128,
    "sentKBytesPerSec" : 12.96780867592196
  },
  "Create Booking" : {
    "transaction" : "Create Booking",
    "sampleCount" : 25000,
    "errorCount" : 114,
    "errorPct" : 0.456,
    "meanResTime" : 4265.89724000002,
    "medianResTime" : 3852.5,
    "minResTime" : 256.0,
    "maxResTime" : 16063.0,
    "pct1ResTime" : 6994.0,
    "pct2ResTime" : 7379.950000000001,
    "pct3ResTime" : 8829.0,
    "throughput" : 52.36786540201763,
    "receivedKBytesPerSec" : 22.927766335762854,
    "sentKBytesPerSec" : 23.34586441802544
  },
  "GetBooking" : {
    "transaction" : "GetBooking",
    "sampleCount" : 25000,
    "errorCount" : 207,
    "errorPct" : 0.828,
    "meanResTime" : 4315.600919999995,
    "medianResTime" : 3870.0,
    "minResTime" : 0.0,
    "maxResTime" : 16488.0,
    "pct1ResTime" : 6965.0,
    "pct2ResTime" : 7367.0,
    "pct3ResTime" : 8464.81000000003,
    "throughput" : 52.37389936250489,
    "receivedKBytesPerSec" : 21.798632717163137,
    "sentKBytesPerSec" : 9.55148735654789
  },
  "UpdateBooking " : {
    "transaction" : "UpdateBooking ",
    "sampleCount" : 25000,
    "errorCount" : 1132,
    "errorPct" : 4.528,
    "meanResTime" : 8914.668719999998,
    "medianResTime" : 8226.0,
    "minResTime" : 0.0,
    "maxResTime" : 19739.0,
    "pct1ResTime" : 13904.900000000001,
    "pct2ResTime" : 14572.0,
    "pct3ResTime" : 16061.980000000003,
    "throughput" : 52.37335076318447,
    "receivedKBytesPerSec" : 21.73746512589506,
    "sentKBytesPerSec" : 25.159357785534272
  },
  "DeleteBooking" : {
    "transaction" : "DeleteBooking",
    "sampleCount" : 25000,
    "errorCount" : 2773,
    "errorPct" : 11.092,
    "meanResTime" : 8190.145439999986,
    "medianResTime" : 7777.0,
    "minResTime" : 0.0,
    "maxResTime" : 17484.0,
    "pct1ResTime" : 9557.900000000001,
    "pct2ResTime" : 13388.95,
    "pct3ResTime" : 14325.94000000001,
    "throughput" : 52.386191000052385,
    "receivedKBytesPerSec" : 13.660405289040808,
    "sentKBytesPerSec" : 13.081861199512808
  }
}