{
  "GetBooking after Partial Update" : {
    "transaction" : "GetBooking after Partial Update",
    "sampleCount" : 44983,
    "errorCount" : 3379,
    "errorPct" : 7.511727,
    "meanResTime" : 3808.2595647244502,
    "medianResTime" : 3923.0,
    "minResTime" : 0.0,
    "maxResTime" : 24066.0,
    "pct1ResTime" : 5485.0,
    "pct2ResTime" : 5960.950000000001,
    "pct3ResTime" : 6664.980000000003,
    "throughput" : 20.794454195849614,
    "receivedKBytesPerSec" : 12.508432972318824,
    "sentKBytesPerSec" : 3.73536225032024
  },
  "GetBooking after Update" : {
    "transaction" : "GetBooking after Update",
    "sampleCount" : 44993,
    "errorCount" : 1869,
    "errorPct" : 4.1539793,
    "meanResTime" : 3866.509701509129,
    "medianResTime" : 3925.0,
    "minResTime" : 0.0,
    "maxResTime" : 22354.0,
    "pct1ResTime" : 5493.0,
    "pct2ResTime" : 5686.0,
    "pct3ResTime" : 6191.990000000002,
    "throughput" : 20.81006290704456,
    "receivedKBytesPerSec" : 10.466443337061225,
    "sentKBytesPerSec" : 3.7469306885872347
  },
  "PartialUpdateBooking" : {
    "transaction" : "PartialUpdateBooking",
    "sampleCount" : 44988,
    "errorCount" : 3880,
    "errorPct" : 8.624522,
    "meanResTime" : 7147.710700631284,
    "medianResTime" : 7405.0,
    "minResTime" : 0.0,
    "maxResTime" : 29844.0,
    "pct1ResTime" : 10517.0,
    "pct2ResTime" : 10796.0,
    "pct3ResTime" : 11220.0,
    "throughput" : 20.798717347705846,
    "receivedKBytesPerSec" : 8.519657198876754,
    "sentKBytesPerSec" : 6.369698477283823
  },
  "Total" : {
    "transaction" : "Total",
    "sampleCount" : 359921,
    "errorCount" : 18446,
    "errorPct" : 5.1250134,
    "meanResTime" : 4493.389829990422,
    "medianResTime" : 3442.0,
    "minResTime" : 0.0,
    "maxResTime" : 50657.0,
    "pct1ResTime" : 6605.9000000000015,
    "pct2ResTime" : 6712.0,
    "pct3ResTime" : 6849.0,
    "throughput" : 2.1364354061282997E-10,
    "receivedKBytesPerSec" : 8.947530036759464E-11,
    "sentKBytesPerSec" : 6.057182004235548E-11
  },
  "Auth" : {
    "transaction" : "Auth",
    "sampleCount" : 44996,
    "errorCount" : 751,
    "errorPct" : 1.6690372,
    "meanResTime" : 569.4025691172559,
    "medianResTime" : 270.0,
    "minResTime" : 0.0,
    "maxResTime" : 17850.0,
    "pct1ResTime" : 809.0,
    "pct2ResTime" : 1214.0,
    "pct3ResTime" : 4277.820000000029,
    "throughput" : 2.6708929885766316E-11,
    "receivedKBytesPerSec" : 7.869055737765387E-12,
    "sentKBytesPerSec" : 6.5914345797426515E-12
  },
  "Create Booking" : {
    "transaction" : "Create Booking",
    "sampleCount" : 44995,
    "errorCount" : 248,
    "errorPct" : 0.5511724,
    "meanResTime" : 3543.218135348337,
    "medianResTime" : 3745.0,
    "minResTime" : 268.0,
    "maxResTime" : 22914.0,
    "pct1ResTime" : 5353.0,
    "pct2ResTime" : 5490.0,
    "pct3ResTime" : 6005.0,
    "throughput" : 20.84442264029971,
    "receivedKBytesPerSec" : 9.127690358522218,
    "sentKBytesPerSec" : 9.292517579157385
  },
  "GetBooking" : {
    "transaction" : "GetBooking",
    "sampleCount" : 44995,
    "errorCount" : 612,
    "errorPct" : 1.3601512,
    "meanResTime" : 3578.3514834981684,
    "medianResTime" : 3734.0,
    "minResTime" : 0.0,
    "maxResTime" : 22931.0,
    "pct1ResTime" : 5313.9000000000015,
    "pct2ResTime" : 5491.0,
    "pct3ResTime" : 5847.990000000002,
    "throughput" : 20.834905771771307,
    "receivedKBytesPerSec" : 8.750533085571057,
    "sentKBytesPerSec" : 3.7948332706866137
  },
  "UpdateBooking " : {
    "transaction" : "UpdateBooking ",
    "sampleCount" : 44994,
    "errorCount" : 2521,
    "errorPct" : 5.602969,
    "meanResTime" : 6986.352891496665,
    "medianResTime" : 7267.0,
    "minResTime" : 0.0,
    "maxResTime" : 50657.0,
    "pct1ResTime" : 10429.0,
    "pct2ResTime" : 10839.95,
    "pct3ResTime" : 11312.990000000002,
    "throughput" : 20.817929866608676,
    "receivedKBytesPerSec" : 8.684458333429726,
    "sentKBytesPerSec" : 9.963467342288936
  },
  "DeleteBooking" : {
    "transaction" : "DeleteBooking",
    "sampleCount" : 44977,
    "errorCount" : 5186,
    "errorPct" : 11.530337,
    "meanResTime" : 6448.440669675621,
    "medianResTime" : 7115.0,
    "minResTime" : 0.0,
    "maxResTime" : 28575.0,
    "pct1ResTime" : 10400.0,
    "pct2ResTime" : 10600.0,
    "pct3ResTime" : 11080.990000000002,
    "throughput" : 20.79231492888859,
    "receivedKBytesPerSec" : 5.544627938560805,
    "sentKBytesPerSec" : 5.173899368775007
  }
}