{
  "GetBooking after Partial Update" : {
    "transaction" : "GetBooking after Partial Update",
    "sampleCount" : 500,
    "errorCount" : 0,
    "errorPct" : 0.0,
    "meanResTime" : 276.2759999999999,
    "medianResTime" : 273.0,
    "minResTime" : 266.0,
    "maxResTime" : 497.0,
    "pct1ResTime" : 286.90000000000003,
    "pct2ResTime" : 294.0,
    "pct3ResTime" : 311.98,
    "throughput" : 16.919328641039524,
    "receivedKBytesPerSec" : 6.8569544785462915,
    "sentKBytesPerSec" : 3.0937587240288305
  },
  "GetBooking after Update" : {
    "transaction" : "GetBooking after Update",
    "sampleCount" : 500,
    "errorCount" : 0,
    "errorPct" : 0.0,
    "meanResTime" : 275.60400000000016,
    "medianResTime" : 273.0,
    "minResTime" : 266.0,
    "maxResTime" : 339.0,
    "pct1ResTime" : 286.90000000000003,
    "pct2ResTime" : 293.0,
    "pct3ResTime" : 308.97,
    "throughput" : 16.92448295704566,
    "receivedKBytesPerSec" : 6.85904338591206,
    "sentKBytesPerSec" : 3.094701208831195
  },
  "PartialUpdateBooking" : {
    "transaction" : "PartialUpdateBooking",
    "sampleCount" : 500,
    "errorCount" : 0,
    "errorPct" : 0.0,
    "meanResTime" : 281.0399999999999,
    "medianResTime" : 277.0,
    "minResTime" : 269.0,
    "maxResTime" : 346.0,
    "pct1ResTime" : 294.0,
    "pct2ResTime" : 305.0,
    "pct3ResTime" : 333.98,
    "throughput" : 16.921046397509222,
    "receivedKBytesPerSec" : 6.857650639615554,
    "sentKBytesPerSec" : 5.209203621526956
  },
  "Total" : {
    "transaction" : "Total",
    "sampleCount" : 4000,
    "errorCount" : 0,
    "errorPct" : 0.0,
    "meanResTime" : 287.7692500000007,
    "medianResTime" : 274.0,
    "minResTime" : 265.0,
    "maxResTime" : 1627.0,
    "pct1ResTime" : 290.0,
    "pct2ResTime" : 301.0,
    "pct3ResTime" : 1077.9899999999998,
    "throughput" : 121.62121073915291,
    "receivedKBytesPerSec" : 45.25523470043175,
    "sentKBytesPerSec" : 34.79168329456657
  },
  "Auth" : {
    "transaction" : "Auth",
    "sampleCount" : 500,
    "errorCount" : 0,
    "errorPct" : 0.0,
    "meanResTime" : 354.1839999999999,
    "medianResTime" : 270.0,
    "minResTime" : 265.0,
    "maxResTime" : 1627.0,
    "pct1ResTime" : 992.4000000000265,
    "pct2ResTime" : 1083.95,
    "pct3ResTime" : 1111.96,
    "throughput" : 16.152479405588757,
    "receivedKBytesPerSec" : 4.274728436439994,
    "sentKBytesPerSec" : 4.05389375706671
  },
  "Create Booking" : {
    "transaction" : "Create Booking",
    "sampleCount" : 500,
    "errorCount" : 0,
    "errorPct" : 0.0,
    "meanResTime" : 274.2600000000001,
    "medianResTime" : 272.0,
    "minResTime" : 266.0,
    "maxResTime" : 329.0,
    "pct1ResTime" : 283.0,
    "pct2ResTime" : 287.95,
    "pct3ResTime" : 304.0,
    "throughput" : 16.91131705337212,
    "receivedKBytesPerSec" : 7.419212788760739,
    "sentKBytesPerSec" : 7.580365749509572
  },
  "GetBooking" : {
    "transaction" : "GetBooking",
    "sampleCount" : 500,
    "errorCount" : 0,
    "errorPct" : 0.0,
    "meanResTime" : 276.05199999999957,
    "medianResTime" : 274.0,
    "minResTime" : 266.0,
    "maxResTime" : 344.0,
    "pct1ResTime" : 286.0,
    "pct2ResTime" : 291.0,
    "pct3ResTime" : 309.0,
    "throughput" : 16.912461101339467,
    "receivedKBytesPerSec" : 6.936751623596265,
    "sentKBytesPerSec" : 3.092502970250981
  },
  "UpdateBooking " : {
    "transaction" : "UpdateBooking ",
    "sampleCount" : 500,
    "errorCount" : 0,
    "errorPct" : 0.0,
    "meanResTime" : 282.8300000000002,
    "medianResTime" : 278.0,
    "minResTime" : 269.0,
    "maxResTime" : 395.0,
    "pct1ResTime" : 295.0,
    "pct2ResTime" : 307.95,
    "pct3ResTime" : 375.98,
    "throughput" : 16.92161906051171,
    "receivedKBytesPerSec" : 6.857882724719102,
    "sentKBytesPerSec" : 8.150833231098552
  },
  "DeleteBooking" : {
    "transaction" : "DeleteBooking",
    "sampleCount" : 500,
    "errorCount" : 0,
    "errorPct" : 0.0,
    "meanResTime" : 281.9079999999999,
    "medianResTime" : 276.0,
    "minResTime" : 269.0,
    "maxResTime" : 602.0,
    "pct1ResTime" : 296.0,
    "pct2ResTime" : 306.95,
    "pct3ResTime" : 357.83000000000015,
    "throughput" : 16.91589417416605,
    "receivedKBytesPerSec" : 4.09681812030584,
    "sentKBytesPerSec" : 4.249490672998849
  }
}