{
  "GetBooking after Partial Update" : {
    "transaction" : "GetBooking after Partial Update",
    "sampleCount" : 10000,
    "errorCount" : 0,
    "errorPct" : 0.0,
    "meanResTime" : 1670.6035999999983,
    "medianResTime" : 1705.0,
    "minResTime" : 259.0,
    "maxResTime" : 9990.0,
    "pct1ResTime" : 2122.8999999999996,
    "pct2ResTime" : 2337.0,
    "pct3ResTime" : 3288.949999999999,
    "throughput" : 56.51345868018469,
    "receivedKBytesPerSec" : 22.90340366433266,
    "sentKBytesPerSec" : 10.343640681778364
  },
  "GetBooking after Update" : {
    "transaction" : "GetBooking after Update",
    "sampleCount" : 10000,
    "errorCount" : 0,
    "errorPct" : 0.0,
    "meanResTime" : 1650.4000000000026,
    "medianResTime" : 1722.0,
    "minResTime" : 268.0,
    "maxResTime" : 9334.0,
    "pct1ResTime" : 2097.0,
    "pct2ResTime" : 2274.949999999999,
    "pct3ResTime" : 2587.0,
    "throughput" : 56.761420397784036,
    "receivedKBytesPerSec" : 23.003895961992555,
    "sentKBytesPerSec" : 10.389025037462538
  },
  "PartialUpdateBooking" : {
    "transaction" : "PartialUpdateBooking",
    "sampleCount" : 10000,
    "errorCount" : 0,
    "errorPct" : 0.0,
    "meanResTime" : 3000.665199999997,
    "medianResTime" : 3127.0,
    "minResTime" : 273.0,
    "maxResTime" : 14129.0,
    "pct1ResTime" : 3853.0,
    "pct2ResTime" : 4224.949999999999,
    "pct3ResTime" : 4420.98,
    "throughput" : 56.640215685941335,
    "receivedKBytesPerSec" : 22.954774911782863,
    "sentKBytesPerSec" : 17.446867937673108
  },
  "Total" : {
    "transaction" : "Total",
    "sampleCount" : 80000,
    "errorCount" : 0,
    "errorPct" : 0.0,
    "meanResTime" : 1979.1816249999952,
    "medianResTime" : 1695.0,
    "minResTime" : 251.0,
    "maxResTime" : 15075.0,
    "pct1ResTime" : 3199.9000000000015,
    "pct2ResTime" : 3379.0,
    "pct3ResTime" : 4042.9400000000096,
    "throughput" : 442.781553720472,
    "receivedKBytesPerSec" : 164.76870198587528,
    "sentKBytesPerSec" : 126.72321586707699
  },
  "Auth" : {
    "transaction" : "Auth",
    "sampleCount" : 10000,
    "errorCount" : 0,
    "errorPct" : 0.0,
    "meanResTime" : 410.81890000000175,
    "medianResTime" : 269.0,
    "minResTime" : 251.0,
    "maxResTime" : 8330.0,
    "pct1ResTime" : 1097.0,
    "pct2ResTime" : 1140.0,
    "pct3ResTime" : 1572.9899999999998,
    "throughput" : 57.16637702368975,
    "receivedKBytesPerSec" : 15.128992356855392,
    "sentKBytesPerSec" : 14.347420795984634
  },
  "Create Booking" : {
    "transaction" : "Create Booking",
    "sampleCount" : 10000,
    "errorCount" : 0,
    "errorPct" : 0.0,
    "meanResTime" : 1580.9794000000068,
    "medianResTime" : 1666.0,
    "minResTime" : 269.0,
    "maxResTime" : 7930.0,
    "pct1ResTime" : 2014.0,
    "pct2ResTime" : 2130.0,
    "pct3ResTime" : 2428.0,
    "throughput" : 57.481505325661466,
    "receivedKBytesPerSec" : 25.22800398346832,
    "sentKBytesPerSec" : 25.765635687967396
  },
  "GetBooking" : {
    "transaction" : "GetBooking",
    "sampleCount" : 10000,
    "errorCount" : 0,
    "errorPct" : 0.0,
    "meanResTime" : 1600.278200000003,
    "medianResTime" : 1682.0,
    "minResTime" : 270.0,
    "maxResTime" : 6829.0,
    "pct1ResTime" : 2031.8999999999996,
    "pct2ResTime" : 2146.0,
    "pct3ResTime" : 2496.9799999999996,
    "throughput" : 57.25343806895604,
    "receivedKBytesPerSec" : 23.48285545797025,
    "sentKBytesPerSec" : 10.479078878061626
  },
  "UpdateBooking " : {
    "transaction" : "UpdateBooking ",
    "sampleCount" : 10000,
    "errorCount" : 0,
    "errorPct" : 0.0,
    "meanResTime" : 2991.4755000000027,
    "medianResTime" : 3200.0,
    "minResTime" : 276.0,
    "maxResTime" : 15075.0,
    "pct1ResTime" : 3792.0,
    "pct2ResTime" : 4044.949999999999,
    "pct3ResTime" : 4417.99,
    "throughput" : 56.86891147216551,
    "receivedKBytesPerSec" : 23.047459239207704,
    "sentKBytesPerSec" : 27.402729281233828
  },
  "DeleteBooking" : {
    "transaction" : "DeleteBooking",
    "sampleCount" : 10000,
    "errorCount" : 0,
    "errorPct" : 0.0,
    "meanResTime" : 2928.232199999994,
    "medianResTime" : 3124.0,
    "minResTime" : 255.0,
    "maxResTime" : 6944.0,
    "pct1ResTime" : 3710.0,
    "pct2ResTime" : 3994.899999999998,
    "pct3ResTime" : 4391.98,
    "throughput" : 56.52655617609153,
    "receivedKBytesPerSec" : 13.690025323897167,
    "sentKBytesPerSec" : 14.210157963461235
  }
}