{
  "GetBooking after Partial Update" : {
    "transaction" : "GetBooking after Partial Update",
    "sampleCount" : 15000,
    "errorCount" : 0,
    "errorPct" : 0.0,
    "meanResTime" : 1436.0208666666615,
    "medianResTime" : 1570.0,
    "minResTime" : 265.0,
    "maxResTime" : 3645.0,
    "pct1ResTime" : 1890.0,
    "pct2ResTime" : 1963.0,
    "pct3ResTime" : 2311.0,
    "throughput" : 94.00852343945851,
    "receivedKBytesPerSec" : 38.09915744860867,
    "sentKBytesPerSec" : 17.197916829875908
  },
  "GetBooking after Update" : {
    "transaction" : "GetBooking after Update",
    "sampleCount" : 15000,
    "errorCount" : 0,
    "errorPct" : 0.0,
    "meanResTime" : 1429.8817333333413,
    "medianResTime" : 1565.0,
    "minResTime" : 267.0,
    "maxResTime" : 7772.0,
    "pct1ResTime" : 1891.0,
    "pct2ResTime" : 1967.0,
    "pct3ResTime" : 2288.779999999995,
    "throughput" : 94.00204297773405,
    "receivedKBytesPerSec" : 38.096531089609016,
    "sentKBytesPerSec" : 17.196731294376796
  },
  "PartialUpdateBooking" : {
    "transaction" : "PartialUpdateBooking",
    "sampleCount" : 15000,
    "errorCount" : 0,
    "errorPct" : 0.0,
    "meanResTime" : 2554.323799999999,
    "medianResTime" : 2844.0,
    "minResTime" : 266.0,
    "maxResTime" : 5217.0,
    "pct1ResTime" : 3440.0,
    "pct2ResTime" : 3554.0,
    "pct3ResTime" : 3686.99,
    "throughput" : 93.99791951271479,
    "receivedKBytesPerSec" : 38.09485995876624,
    "sentKBytesPerSec" : 28.945716886882902
  },
  "Total" : {
    "transaction" : "Total",
    "sampleCount" : 120000,
    "errorCount" : 0,
    "errorPct" : 0.0,
    "meanResTime" : 1716.2048999999859,
    "medianResTime" : 1287.5,
    "minResTime" : 264.0,
    "maxResTime" : 9150.0,
    "pct1ResTime" : 2397.0,
    "pct2ResTime" : 2471.0,
    "pct3ResTime" : 2706.0,
    "throughput" : 735.0869240287664,
    "receivedKBytesPerSec" : 273.5336810511437,
    "sentKBytesPerSec" : 210.33098150184384
  },
  "Auth" : {
    "transaction" : "Auth",
    "sampleCount" : 15000,
    "errorCount" : 0,
    "errorPct" : 0.0,
    "meanResTime" : 433.0186000000006,
    "medianResTime" : 270.0,
    "minResTime" : 264.0,
    "maxResTime" : 9150.0,
    "pct1ResTime" : 1086.0,
    "pct2ResTime" : 1146.0,
    "pct3ResTime" : 3272.99,
    "throughput" : 93.67798504899359,
    "receivedKBytesPerSec" : 24.791732371364514,
    "sentKBytesPerSec" : 23.510978669522807
  },
  "Create Booking" : {
    "transaction" : "Create Booking",
    "sampleCount" : 15000,
    "errorCount" : 0,
    "errorPct" : 0.0,
    "meanResTime" : 1389.1849333333353,
    "medianResTime" : 1544.0,
    "minResTime" : 268.0,
    "maxResTime" : 3912.0,
    "pct1ResTime" : 1831.0,
    "pct2ResTime" : 1910.949999999999,
    "pct3ResTime" : 2101.959999999999,
    "throughput" : 94.46855141923254,
    "receivedKBytesPerSec" : 41.45273885979608,
    "sentKBytesPerSec" : 42.34479013811303
  },
  "GetBooking" : {
    "transaction" : "GetBooking",
    "sampleCount" : 15000,
    "errorCount" : 0,
    "errorPct" : 0.0,
    "meanResTime" : 1402.6383333333306,
    "medianResTime" : 1550.0,
    "minResTime" : 267.0,
    "maxResTime" : 3725.0,
    "pct1ResTime" : 1848.0,
    "pct2ResTime" : 1939.0,
    "pct3ResTime" : 2250.9699999999993,
    "throughput" : 94.32894389314417,
    "receivedKBytesPerSec" : 38.689605893672415,
    "sentKBytesPerSec" : 17.256534539328882
  },
  "UpdateBooking " : {
    "transaction" : "UpdateBooking ",
    "sampleCount" : 15000,
    "errorCount" : 0,
    "errorPct" : 0.0,
    "meanResTime" : 2534.6249999999845,
    "medianResTime" : 2848.0,
    "minResTime" : 270.0,
    "maxResTime" : 5357.0,
    "pct1ResTime" : 3384.0,
    "pct2ResTime" : 3533.0,
    "pct3ResTime" : 3693.0,
    "throughput" : 94.18442566337231,
    "receivedKBytesPerSec" : 38.170445947558115,
    "sentKBytesPerSec" : 45.37505170332534
  },
  "DeleteBooking" : {
    "transaction" : "DeleteBooking",
    "sampleCount" : 15000,
    "errorCount" : 0,
    "errorPct" : 0.0,
    "meanResTime" : 2549.945933333332,
    "medianResTime" : 2854.0,
    "minResTime" : 265.0,
    "maxResTime" : 4814.0,
    "pct1ResTime" : 3384.8999999999996,
    "pct2ResTime" : 3529.0,
    "pct3ResTime" : 3693.0,
    "throughput" : 94.0179511608083,
    "receivedKBytesPerSec" : 22.76997254675826,
    "sentKBytesPerSec" : 23.626649917107503
  }
}