{
  "GetBooking after Partial Update" : {
    "transaction" : "GetBooking after Partial Update",
    "sampleCount" : 20000,
    "errorCount" : 0,
    "errorPct" : 0.0,
    "meanResTime" : 3277.9993,
    "medianResTime" : 3518.0,
    "minResTime" : 256.0,
    "maxResTime" : 10521.0,
    "pct1ResTime" : 4023.0,
    "pct2ResTime" : 4155.9000000000015,
    "pct3ResTime" : 4463.990000000002,
    "throughput" : 56.560766059015506,
    "receivedKBytesPerSec" : 22.922576088370544,
    "sentKBytesPerSec" : 10.362542690121945
  },
  "GetBooking after Update" : {
    "transaction" : "GetBooking after Update",
    "sampleCount" : 20000,
    "errorCount" : 0,
    "errorPct" : 0.0,
    "meanResTime" : 3263.3458500000115,
    "medianResTime" : 3526.0,
    "minResTime" : 255.0,
    "maxResTime" : 9675.0,
    "pct1ResTime" : 3965.0,
    "pct2ResTime" : 4105.0,
    "pct3ResTime" : 4304.0,
    "throughput" : 56.935773600589854,
    "receivedKBytesPerSec" : 23.0745566838328,
    "sentKBytesPerSec" : 10.431248118450606
  },
  "PartialUpdateBooking" : {
    "transaction" : "PartialUpdateBooking",
    "sampleCount" : 20000,
    "errorCount" : 0,
    "errorPct" : 0.0,
    "meanResTime" : 6246.476449999985,
    "medianResTime" : 6733.0,
    "minResTime" : 255.0,
    "maxResTime" : 10347.0,
    "pct1ResTime" : 7493.0,
    "pct2ResTime" : 7700.0,
    "pct3ResTime" : 8051.990000000002,
    "throughput" : 56.65080444142307,
    "receivedKBytesPerSec" : 22.959066253115793,
    "sentKBytesPerSec" : 17.460389248562485
  },
  "Total" : {
    "transaction" : "Total",
    "sampleCount" : 160000,
    "errorCount" : 0,
    "errorPct" : 0.0,
    "meanResTime" : 4007.415612499993,
    "medianResTime" : 3449.0,
    "minResTime" : 251.0,
    "maxResTime" : 10616.0,
    "pct1ResTime" : 6619.9000000000015,
    "pct2ResTime" : 6848.950000000001,
    "pct3ResTime" : 7520.990000000002,
    "throughput" : 447.93334751788933,
    "receivedKBytesPerSec" : 166.4272867916004,
    "sentKBytesPerSec" : 128.12416559290978
  },
  "Auth" : {
    "transaction" : "Auth",
    "sampleCount" : 20000,
    "errorCount" : 0,
    "errorPct" : 0.0,
    "meanResTime" : 517.8864499999975,
    "medianResTime" : 270.0,
    "minResTime" : 251.0,
    "maxResTime" : 10616.0,
    "pct1ResTime" : 1044.0,
    "pct2ResTime" : 1215.9500000000007,
    "pct3ResTime" : 4366.550000000072,
    "throughput" : 58.23959185694027,
    "receivedKBytesPerSec" : 15.413016985576965,
    "sentKBytesPerSec" : 14.616772565657861
  },
  "Create Booking" : {
    "transaction" : "Create Booking",
    "sampleCount" : 20000,
    "errorCount" : 0,
    "errorPct" : 0.0,
    "meanResTime" : 3130.3795000000136,
    "medianResTime" : 3441.0,
    "minResTime" : 254.0,
    "maxResTime" : 6668.0,
    "pct1ResTime" : 3904.0,
    "pct2ResTime" : 4025.0,
    "pct3ResTime" : 4252.0,
    "throughput" : 58.107271834533734,
    "receivedKBytesPerSec" : 25.37376878408355,
    "sentKBytesPerSec" : 25.90672992974831
  },
  "GetBooking" : {
    "transaction" : "GetBooking",
    "sampleCount" : 20000,
    "errorCount" : 0,
    "errorPct" : 0.0,
    "meanResTime" : 3185.8258999999834,
    "medianResTime" : 3478.0,
    "minResTime" : 252.0,
    "maxResTime" : 10237.0,
    "pct1ResTime" : 3940.0,
    "pct2ResTime" : 4059.0,
    "pct3ResTime" : 4276.990000000002,
    "throughput" : 57.73138740070201,
    "receivedKBytesPerSec" : 23.540390412115507,
    "sentKBytesPerSec" : 10.577013152112102
  },
  "UpdateBooking " : {
    "transaction" : "UpdateBooking ",
    "sampleCount" : 20000,
    "errorCount" : 0,
    "errorPct" : 0.0,
    "meanResTime" : 6189.694650000053,
    "medianResTime" : 6720.0,
    "minResTime" : 255.0,
    "maxResTime" : 8773.0,
    "pct1ResTime" : 7450.0,
    "pct2ResTime" : 7580.0,
    "pct3ResTime" : 7980.0,
    "throughput" : 57.15314470890474,
    "receivedKBytesPerSec" : 23.162651420112763,
    "sentKBytesPerSec" : 27.550039922364597
  },
  "DeleteBooking" : {
    "transaction" : "DeleteBooking",
    "sampleCount" : 20000,
    "errorCount" : 0,
    "errorPct" : 0.0,
    "meanResTime" : 6247.716799999994,
    "medianResTime" : 6778.0,
    "minResTime" : 257.0,
    "maxResTime" : 9516.0,
    "pct1ResTime" : 7533.0,
    "pct2ResTime" : 7700.950000000001,
    "pct3ResTime" : 8061.0,
    "throughput" : 56.54973124740224,
    "receivedKBytesPerSec" : 13.695638036480233,
    "sentKBytesPerSec" : 14.226225278047961
  }
}