{
  "GetBooking after Partial Update" : {
    "transaction" : "GetBooking after Partial Update",
    "sampleCount" : 7000,
    "errorCount" : 0,
    "errorPct" : 0.0,
    "meanResTime" : 932.6279999999987,
    "medianResTime" : 989.0,
    "minResTime" : 267.0,
    "maxResTime" : 3033.0,
    "pct1ResTime" : 1094.0,
    "pct2ResTime" : 1149.0,
    "pct3ResTime" : 1544.0,
    "throughput" : 74.31629013079667,
    "receivedKBytesPerSec" : 30.118418363555293,
    "sentKBytesPerSec" : 13.630942980826399
  },
  "GetBooking after Update" : {
    "transaction" : "GetBooking after Update",
    "sampleCount" : 7000,
    "errorCount" : 0,
    "errorPct" : 0.0,
    "meanResTime" : 938.2882857142841,
    "medianResTime" : 988.0,
    "minResTime" : 268.0,
    "maxResTime" : 2970.0,
    "pct1ResTime" : 1094.0,
    "pct2ResTime" : 1166.0,
    "pct3ResTime" : 1503.9899999999998,
    "throughput" : 74.42295629246095,
    "receivedKBytesPerSec" : 30.161647325557905,
    "sentKBytesPerSec" : 13.650507471533219
  },
  "PartialUpdateBooking" : {
    "transaction" : "PartialUpdateBooking",
    "sampleCount" : 7000,
    "errorCount" : 0,
    "errorPct" : 0.0,
    "meanResTime" : 1597.469857142861,
    "medianResTime" : 1722.0,
    "minResTime" : 272.0,
    "maxResTime" : 3629.0,
    "pct1ResTime" : 1928.0,
    "pct2ResTime" : 1982.0,
    "pct3ResTime" : 2211.0,
    "throughput" : 74.32181345224824,
    "receivedKBytesPerSec" : 30.120656819026383,
    "sentKBytesPerSec" : 22.922182738758824
  },
  "Total" : {
    "transaction" : "Total",
    "sampleCount" : 56000,
    "errorCount" : 0,
    "errorPct" : 0.0,
    "meanResTime" : 1096.5354642857205,
    "medianResTime" : 1003.0,
    "minResTime" : 264.0,
    "maxResTime" : 4277.0,
    "pct1ResTime" : 1752.0,
    "pct2ResTime" : 1806.0,
    "pct3ResTime" : 2216.0,
    "throughput" : 569.6035152674085,
    "receivedKBytesPerSec" : 211.98957390351325,
    "sentKBytesPerSec" : 163.18528833635088
  },
  "Auth" : {
    "transaction" : "Auth",
    "sampleCount" : 7000,
    "errorCount" : 0,
    "errorPct" : 0.0,
    "meanResTime" : 371.0648571428567,
    "medianResTime" : 270.0,
    "minResTime" : 264.0,
    "maxResTime" : 4277.0,
    "pct1ResTime" : 1051.8000000001375,
    "pct2ResTime" : 1118.9499999999998,
    "pct3ResTime" : 1544.9899999999998,
    "throughput" : 73.5000735000735,
    "receivedKBytesPerSec" : 19.45167960792961,
    "sentKBytesPerSec" : 18.446795790545792
  },
  "Create Booking" : {
    "transaction" : "Create Booking",
    "sampleCount" : 7000,
    "errorCount" : 0,
    "errorPct" : 0.0,
    "meanResTime" : 900.2900000000003,
    "medianResTime" : 967.0,
    "minResTime" : 270.0,
    "maxResTime" : 1670.0,
    "pct1ResTime" : 1061.0,
    "pct2ResTime" : 1101.0,
    "pct3ResTime" : 1196.9799999999996,
    "throughput" : 74.9721532002399,
    "receivedKBytesPerSec" : 32.93356831301945,
    "sentKBytesPerSec" : 33.605681952060664
  },
  "GetBooking" : {
    "transaction" : "GetBooking",
    "sampleCount" : 7000,
    "errorCount" : 0,
    "errorPct" : 0.0,
    "meanResTime" : 902.872714285716,
    "medianResTime" : 967.0,
    "minResTime" : 271.0,
    "maxResTime" : 1574.0,
    "pct1ResTime" : 1061.0,
    "pct2ResTime" : 1101.0,
    "pct3ResTime" : 1237.9799999999996,
    "throughput" : 74.77593923920824,
    "receivedKBytesPerSec" : 30.6698188285815,
    "sentKBytesPerSec" : 13.715250886628993
  },
  "UpdateBooking " : {
    "transaction" : "UpdateBooking ",
    "sampleCount" : 7000,
    "errorCount" : 0,
    "errorPct" : 0.0,
    "meanResTime" : 1572.3068571428553,
    "medianResTime" : 1682.0,
    "minResTime" : 274.0,
    "maxResTime" : 2363.0,
    "pct1ResTime" : 1912.9000000000005,
    "pct2ResTime" : 2025.9499999999998,
    "pct3ResTime" : 2300.0,
    "throughput" : 74.508509936242,
    "receivedKBytesPerSec" : 30.196319944863703,
    "sentKBytesPerSec" : 35.93143786788577
  },
  "DeleteBooking" : {
    "transaction" : "DeleteBooking",
    "sampleCount" : 7000,
    "errorCount" : 0,
    "errorPct" : 0.0,
    "meanResTime" : 1557.363142857145,
    "medianResTime" : 1687.0,
    "minResTime" : 266.0,
    "maxResTime" : 2454.0,
    "pct1ResTime" : 1873.0,
    "pct2ResTime" : 1947.0,
    "pct3ResTime" : 2067.99,
    "throughput" : 74.39369141496802,
    "receivedKBytesPerSec" : 18.017222139562566,
    "sentKBytesPerSec" : 18.730646016217825
  }
}