{
  "GetBooking after Partial Update" : {
    "transaction" : "GetBooking after Partial Update",
    "sampleCount" : 7500,
    "errorCount" : 0,
    "errorPct" : 0.0,
    "meanResTime" : 586.6031999999991,
    "medianResTime" : 635.0,
    "minResTime" : 266.0,
    "maxResTime" : 1628.0,
    "pct1ResTime" : 693.0,
    "pct2ResTime" : 720.0,
    "pct3ResTime" : 925.9299999999985,
    "throughput" : 119.94242763473532,
    "receivedKBytesPerSec" : 48.60947994962418,
    "sentKBytesPerSec" : 21.892475986526467
  },
  "GetBooking after Update" : {
    "transaction" : "GetBooking after Update",
    "sampleCount" : 7500,
    "errorCount" : 0,
    "errorPct" : 0.0,
    "meanResTime" : 586.3634666666673,
    "medianResTime" : 634.0,
    "minResTime" : 266.0,
    "maxResTime" : 2268.0,
    "pct1ResTime" : 689.0,
    "pct2ResTime" : 713.0,
    "pct3ResTime" : 926.9699999999993,
    "throughput" : 119.81404859657812,
    "receivedKBytesPerSec" : 48.55745133552726,
    "sentKBytesPerSec" : 21.869043619302843
  },
  "PartialUpdateBooking" : {
    "transaction" : "PartialUpdateBooking",
    "sampleCount" : 7500,
    "errorCount" : 0,
    "errorPct" : 0.0,
    "meanResTime" : 881.9670666666678,
    "medianResTime" : 989.0,
    "minResTime" : 267.0,
    "maxResTime" : 1711.0,
    "pct1ResTime" : 1091.0,
    "pct2ResTime" : 1117.0,
    "pct3ResTime" : 1233.9699999999993,
    "throughput" : 119.83510689291535,
    "receivedKBytesPerSec" : 48.56598570367175,
    "sentKBytesPerSec" : 36.85227564371425
  },
  "Total" : {
    "transaction" : "Total",
    "sampleCount" : 60000,
    "errorCount" : 0,
    "errorPct" : 0.0,
    "meanResTime" : 680.5040166666741,
    "medianResTime" : 649.0,
    "minResTime" : 265.0,
    "maxResTime" : 9992.0,
    "pct1ResTime" : 1050.0,
    "pct2ResTime" : 1078.0,
    "pct3ResTime" : 1145.0,
    "throughput" : 906.0159458806475,
    "receivedKBytesPerSec" : 337.0911809493159,
    "sentKBytesPerSec" : 258.9569644785123
  },
  "Auth" : {
    "transaction" : "Auth",
    "sampleCount" : 7500,
    "errorCount" : 0,
    "errorPct" : 0.0,
    "meanResTime" : 452.81640000000056,
    "medianResTime" : 272.0,
    "minResTime" : 265.0,
    "maxResTime" : 9992.0,
    "pct1ResTime" : 1109.9000000000005,
    "pct2ResTime" : 1277.9499999999998,
    "pct3ResTime" : 3465.949999999999,
    "throughput" : 116.63711859662219,
    "receivedKBytesPerSec" : 30.86783119109825,
    "sentKBytesPerSec" : 29.27318308528506
  },
  "Create Booking" : {
    "transaction" : "Create Booking",
    "sampleCount" : 7500,
    "errorCount" : 0,
    "errorPct" : 0.0,
    "meanResTime" : 585.7626666666677,
    "medianResTime" : 631.0,
    "minResTime" : 267.0,
    "maxResTime" : 1492.0,
    "pct1ResTime" : 692.0,
    "pct2ResTime" : 722.9499999999998,
    "pct3ResTime" : 1039.9699999999993,
    "throughput" : 119.59815021527668,
    "receivedKBytesPerSec" : 52.42994476060437,
    "sentKBytesPerSec" : 53.60893647344921
  },
  "GetBooking" : {
    "transaction" : "GetBooking",
    "sampleCount" : 7500,
    "errorCount" : 0,
    "errorPct" : 0.0,
    "meanResTime" : 586.6907999999981,
    "medianResTime" : 632.0,
    "minResTime" : 266.0,
    "maxResTime" : 3219.0,
    "pct1ResTime" : 692.0,
    "pct2ResTime" : 721.0,
    "pct3ResTime" : 1061.7799999999952,
    "throughput" : 119.68212427791785,
    "receivedKBytesPerSec" : 49.088371285864746,
    "sentKBytesPerSec" : 21.844964150217024
  },
  "UpdateBooking " : {
    "transaction" : "UpdateBooking ",
    "sampleCount" : 7500,
    "errorCount" : 0,
    "errorPct" : 0.0,
    "meanResTime" : 882.7205333333333,
    "medianResTime" : 988.0,
    "minResTime" : 267.0,
    "maxResTime" : 1716.0,
    "pct1ResTime" : 1094.0,
    "pct2ResTime" : 1129.0,
    "pct3ResTime" : 1237.9299999999985,
    "throughput" : 119.7203333014079,
    "receivedKBytesPerSec" : 48.51947101570731,
    "sentKBytesPerSec" : 57.6277409720892
  },
  "DeleteBooking" : {
    "transaction" : "DeleteBooking",
    "sampleCount" : 7500,
    "errorCount" : 0,
    "errorPct" : 0.0,
    "meanResTime" : 881.1080000000018,
    "medianResTime" : 992.5,
    "minResTime" : 266.0,
    "maxResTime" : 1919.0,
    "pct1ResTime" : 1091.0,
    "pct2ResTime" : 1125.0,
    "pct3ResTime" : 1209.9899999999998,
    "throughput" : 119.92324912056283,
    "receivedKBytesPerSec" : 29.043911896386312,
    "sentKBytesPerSec" : 30.08685378857531
  }
}