{
  "GetBooking after Partial Update" : {
    "transaction" : "GetBooking after Partial Update",
    "sampleCount" : 100,
    "errorCount" : 0,
    "errorPct" : 0.0,
    "meanResTime" : 342.1100000000001,
    "medianResTime" : 281.0,
    "minResTime" : 268.0,
    "maxResTime" : 2484.0,
    "pct1ResTime" : 322.9,
    "pct2ResTime" : 819.9499999999998,
    "pct3ResTime" : 2467.5999999999917,
    "throughput" : 3.2644533672836484,
    "receivedKBytesPerSec" : 1.3229962377174942,
    "sentKBytesPerSec" : 0.5961452926582443
  },
  "GetBooking after Update" : {
    "transaction" : "GetBooking after Update",
    "sampleCount" : 100,
    "errorCount" : 0,
    "errorPct" : 0.0,
    "meanResTime" : 295.07,
    "medianResTime" : 285.0,
    "minResTime" : 266.0,
    "maxResTime" : 777.0,
    "pct1ResTime" : 319.0,
    "pct2ResTime" : 320.0,
    "pct3ResTime" : 772.5099999999977,
    "throughput" : 3.2611531437516303,
    "receivedKBytesPerSec" : 1.3216587447821548,
    "sentKBytesPerSec" : 0.595542615118706
  },
  "PartialUpdateBooking" : {
    "transaction" : "PartialUpdateBooking",
    "sampleCount" : 100,
    "errorCount" : 0,
    "errorPct" : 0.0,
    "meanResTime" : 323.38,
    "medianResTime" : 290.5,
    "minResTime" : 269.0,
    "maxResTime" : 1350.0,
    "pct1ResTime" : 322.9,
    "pct2ResTime" : 769.5499999999947,
    "pct3ResTime" : 1344.7399999999973,
    "throughput" : 3.263814093149254,
    "receivedKBytesPerSec" : 1.3227371568915436,
    "sentKBytesPerSec" : 1.0040053118574366
  },
  "Total" : {
    "transaction" : "Total",
    "sampleCount" : 800,
    "errorCount" : 0,
    "errorPct" : 0.0,
    "meanResTime" : 342.2025000000003,
    "medianResTime" : 283.0,
    "minResTime" : 266.0,
    "maxResTime" : 4025.0,
    "pct1ResTime" : 322.0,
    "pct2ResTime" : 795.9499999999999,
    "pct3ResTime" : 1712.3400000000033,
    "throughput" : 23.36721579623788,
    "receivedKBytesPerSec" : 8.694247283561165,
    "sentKBytesPerSec" : 6.680422289402968
  },
  "Auth" : {
    "transaction" : "Auth",
    "sampleCount" : 100,
    "errorCount" : 0,
    "errorPct" : 0.0,
    "meanResTime" : 515.45,
    "medianResTime" : 279.5,
    "minResTime" : 266.0,
    "maxResTime" : 4025.0,
    "pct1ResTime" : 1055.8000000000013,
    "pct2ResTime" : 2055.149999999996,
    "pct3ResTime" : 4023.109999999999,
    "throughput" : 3.099141537794031,
    "receivedKBytesPerSec" : 0.8201829655685374,
    "sentKBytesPerSec" : 0.7778118898565096
  },
  "Create Booking" : {
    "transaction" : "Create Booking",
    "sampleCount" : 100,
    "errorCount" : 0,
    "errorPct" : 0.0,
    "meanResTime" : 329.96,
    "medianResTime" : 282.5,
    "minResTime" : 267.0,
    "maxResTime" : 2310.0,
    "pct1ResTime" : 321.0,
    "pct2ResTime" : 782.9999999999945,
    "pct3ResTime" : 2295.309999999992,
    "throughput" : 3.2487573503135048,
    "receivedKBytesPerSec" : 1.424503955362074,
    "sentKBytesPerSec" : 1.4562301013612293
  },
  "GetBooking" : {
    "transaction" : "GetBooking",
    "sampleCount" : 100,
    "errorCount" : 0,
    "errorPct" : 0.0,
    "meanResTime" : 322.89,
    "medianResTime" : 277.5,
    "minResTime" : 268.0,
    "maxResTime" : 1108.0,
    "pct1ResTime" : 324.70000000000005,
    "pct2ResTime" : 795.75,
    "pct3ResTime" : 1106.7699999999993,
    "throughput" : 3.2519267666092158,
    "receivedKBytesPerSec" : 1.3337980878670612,
    "sentKBytesPerSec" : 0.593857720074144
  },
  "UpdateBooking " : {
    "transaction" : "UpdateBooking ",
    "sampleCount" : 100,
    "errorCount" : 0,
    "errorPct" : 0.0,
    "meanResTime" : 308.26,
    "medianResTime" : 289.5,
    "minResTime" : 271.0,
    "maxResTime" : 822.0,
    "pct1ResTime" : 324.0,
    "pct2ResTime" : 327.0,
    "pct3ResTime" : 821.8499999999999,
    "throughput" : 3.255632243781742,
    "receivedKBytesPerSec" : 1.3194212706732646,
    "sentKBytesPerSec" : 1.5674088829925772
  },
  "DeleteBooking" : {
    "transaction" : "DeleteBooking",
    "sampleCount" : 100,
    "errorCount" : 0,
    "errorPct" : 0.0,
    "meanResTime" : 300.49999999999994,
    "medianResTime" : 282.0,
    "minResTime" : 269.0,
    "maxResTime" : 817.0,
    "pct1ResTime" : 321.0,
    "pct2ResTime" : 324.0,
    "pct3ResTime" : 816.8,
    "throughput" : 3.2667995165136716,
    "receivedKBytesPerSec" : 0.7911780079056548,
    "sentKBytesPerSec" : 0.8198901130312632
  }
}