{
  "GetBooking after Partial Update" : {
    "transaction" : "GetBooking after Partial Update",
    "sampleCount" : 30000,
    "errorCount" : 2187,
    "errorPct" : 7.29,
    "meanResTime" : 5776.230333333339,
    "medianResTime" : 5748.0,
    "minResTime" : 0.0,
    "maxResTime" : 23325.0,
    "pct1ResTime" : 8849.900000000001,
    "pct2ResTime" : 9386.900000000001,
    "pct3ResTime" : 10001.990000000002,
    "throughput" : 49.611951849947,
    "receivedKBytesPerSec" : 40.615119921906654,
    "sentKBytesPerSec" : 8.749518286035228
  },
  "GetBooking after Update" : {
    "transaction" : "GetBooking after Update",
    "sampleCount" : 30000,
    "errorCount" : 694,
    "errorPct" : 2.3133333,
    "meanResTime" : 5954.082866666645,
    "medianResTime" : 5734.0,
    "minResTime" : 0.0,
    "maxResTime" : 32233.0,
    "pct1ResTime" : 8477.900000000001,
    "pct2ResTime" : 9124.900000000001,
    "pct3ResTime" : 9966.0,
    "throughput" : 49.61145958567816,
    "receivedKBytesPerSec" : 26.734044218177143,
    "sentKBytesPerSec" : 9.002036485817738
  },
  "PartialUpdateBooking" : {
    "transaction" : "PartialUpdateBooking",
    "sampleCount" : 30000,
    "errorCount" : 2563,
    "errorPct" : 8.543333,
    "meanResTime" : 11122.620733333304,
    "medianResTime" : 11041.0,
    "minResTime" : 0.0,
    "maxResTime" : 29913.0,
    "pct1ResTime" : 17310.9,
    "pct2ResTime" : 18209.95,
    "pct3ResTime" : 19174.970000000005,
    "throughput" : 49.61170571659148,
    "receivedKBytesPerSec" : 20.747011334000884,
    "sentKBytesPerSec" : 15.18275330961756
  },
  "Total" : {
    "transaction" : "Total",
    "sampleCount" : 240000,
    "errorCount" : 11217,
    "errorPct" : 4.67375,
    "meanResTime" : 6987.312270833214,
    "medianResTime" : 4942.0,
    "minResTime" : 0.0,
    "maxResTime" : 33393.0,
    "pct1ResTime" : 9717.0,
    "pct2ResTime" : 9864.0,
    "pct3ResTime" : 10291.990000000002,
    "throughput" : 394.60314432938844,
    "receivedKBytesPerSec" : 178.10029170318114,
    "sentKBytesPerSec" : 111.75370102296755
  },
  "Auth" : {
    "transaction" : "Auth",
    "sampleCount" : 30000,
    "errorCount" : 490,
    "errorPct" : 1.6333333,
    "meanResTime" : 655.195466666667,
    "medianResTime" : 273.0,
    "minResTime" : 0.0,
    "maxResTime" : 16015.0,
    "pct1ResTime" : 811.0,
    "pct2ResTime" : 851.0,
    "pct3ResTime" : 3249.9100000000144,
    "throughput" : 49.89214980284285,
    "receivedKBytesPerSec" : 14.667366308787503,
    "sentKBytesPerSec" : 12.317238169116093
  },
  "Create Booking" : {
    "transaction" : "Create Booking",
    "sampleCount" : 30000,
    "errorCount" : 219,
    "errorPct" : 0.73,
    "meanResTime" : 5404.895066666648,
    "medianResTime" : 5454.5,
    "minResTime" : 268.0,
    "maxResTime" : 21534.0,
    "pct1ResTime" : 8253.0,
    "pct2ResTime" : 8797.0,
    "pct3ResTime" : 9897.970000000005,
    "throughput" : 49.872907208131274,
    "receivedKBytesPerSec" : 21.86097714116859,
    "sentKBytesPerSec" : 22.232038389358618
  },
  "GetBooking" : {
    "transaction" : "GetBooking",
    "sampleCount" : 30000,
    "errorCount" : 420,
    "errorPct" : 1.4,
    "meanResTime" : 5454.114066666635,
    "medianResTime" : 5286.0,
    "minResTime" : 0.0,
    "maxResTime" : 12427.0,
    "pct1ResTime" : 8434.0,
    "pct2ResTime" : 9168.0,
    "pct3ResTime" : 9880.990000000002,
    "throughput" : 49.74274709295096,
    "receivedKBytesPerSec" : 20.954846293357022,
    "sentKBytesPerSec" : 9.037981877680927
  },
  "UpdateBooking " : {
    "transaction" : "UpdateBooking ",
    "sampleCount" : 30000,
    "errorCount" : 1193,
    "errorPct" : 3.9766667,
    "meanResTime" : 11072.18966666659,
    "medianResTime" : 10675.5,
    "minResTime" : 0.0,
    "maxResTime" : 24395.0,
    "pct1ResTime" : 17180.0,
    "pct2ResTime" : 18502.95,
    "pct3ResTime" : 19073.0,
    "throughput" : 49.61096733117802,
    "receivedKBytesPerSec" : 20.497236255694926,
    "sentKBytesPerSec" : 23.754824472780115
  },
  "DeleteBooking" : {
    "transaction" : "DeleteBooking",
    "sampleCount" : 30000,
    "errorCount" : 3451,
    "errorPct" : 11.503333,
    "meanResTime" : 10459.169966666632,
    "medianResTime" : 10345.0,
    "minResTime" : 0.0,
    "maxResTime" : 33393.0,
    "pct1ResTime" : 16746.0,
    "pct2ResTime" : 17769.0,
    "pct3ResTime" : 19124.99,
    "throughput" : 49.61277231210403,
    "receivedKBytesPerSec" : 13.30967753713516,
    "sentKBytesPerSec" : 12.335384110868835
  }
}