{
  "GetBooking after Partial Update" : {
    "transaction" : "GetBooking after Partial Update",
    "sampleCount" : 5000,
    "errorCount" : 0,
    "errorPct" : 0.0,
    "meanResTime" : 628.4240000000015,
    "medianResTime" : 676.0,
    "minResTime" : 253.0,
    "maxResTime" : 1189.0,
    "pct1ResTime" : 726.0,
    "pct2ResTime" : 742.9499999999998,
    "pct3ResTime" : 806.9899999999998,
    "throughput" : 77.96906187624751,
    "receivedKBytesPerSec" : 31.598789725237026,
    "sentKBytesPerSec" : 14.238490791853792
  },
  "GetBooking after Update" : {
    "transaction" : "GetBooking after Update",
    "sampleCount" : 5000,
    "errorCount" : 0,
    "errorPct" : 0.0,
    "meanResTime" : 627.9136000000003,
    "medianResTime" : 675.0,
    "minResTime" : 255.0,
    "maxResTime" : 1186.0,
    "pct1ResTime" : 725.0,
    "pct2ResTime" : 743.0,
    "pct3ResTime" : 805.0,
    "throughput" : 77.9253163767845,
    "receivedKBytesPerSec" : 31.581060836294494,
    "sentKBytesPerSec" : 14.230502111776074
  },
  "PartialUpdateBooking" : {
    "transaction" : "PartialUpdateBooking",
    "sampleCount" : 5000,
    "errorCount" : 0,
    "errorPct" : 0.0,
    "meanResTime" : 995.7628000000009,
    "medianResTime" : 1094.0,
    "minResTime" : 254.0,
    "maxResTime" : 1644.0,
    "pct1ResTime" : 1185.0,
    "pct2ResTime" : 1209.0,
    "pct3ResTime" : 1296.9699999999993,
    "throughput" : 77.94475275924424,
    "receivedKBytesPerSec" : 31.588937885826528,
    "sentKBytesPerSec" : 23.97714562418158
  },
  "Total" : {
    "transaction" : "Total",
    "sampleCount" : 40000,
    "errorCount" : 0,
    "errorPct" : 0.0,
    "meanResTime" : 729.0342500000053,
    "medianResTime" : 703.0,
    "minResTime" : 251.0,
    "maxResTime" : 2070.0,
    "pct1ResTime" : 1157.0,
    "pct2ResTime" : 1197.0,
    "pct3ResTime" : 1286.0,
    "throughput" : 591.7509911829102,
    "receivedKBytesPerSec" : 220.17297621161015,
    "sentKBytesPerSec" : 169.17490494999703
  },
  "Auth" : {
    "transaction" : "Auth",
    "sampleCount" : 5000,
    "errorCount" : 0,
    "errorPct" : 0.0,
    "meanResTime" : 343.59980000000104,
    "medianResTime" : 256.0,
    "minResTime" : 251.0,
    "maxResTime" : 2070.0,
    "pct1ResTime" : 986.2000000001572,
    "pct2ResTime" : 1060.0,
    "pct3ResTime" : 1159.9699999999993,
    "throughput" : 76.17654676478206,
    "receivedKBytesPerSec" : 20.16000407544525,
    "sentKBytesPerSec" : 19.118527850145497
  },
  "Create Booking" : {
    "transaction" : "Create Booking",
    "sampleCount" : 5000,
    "errorCount" : 0,
    "errorPct" : 0.0,
    "meanResTime" : 622.7861999999996,
    "medianResTime" : 674.0,
    "minResTime" : 255.0,
    "maxResTime" : 1652.0,
    "pct1ResTime" : 724.0,
    "pct2ResTime" : 740.0,
    "pct3ResTime" : 805.0,
    "throughput" : 77.9848709350386,
    "receivedKBytesPerSec" : 34.19453813460189,
    "sentKBytesPerSec" : 34.95610913982688
  },
  "GetBooking" : {
    "transaction" : "GetBooking",
    "sampleCount" : 5000,
    "errorCount" : 0,
    "errorPct" : 0.0,
    "meanResTime" : 625.4324000000017,
    "medianResTime" : 675.0,
    "minResTime" : 254.0,
    "maxResTime" : 1190.0,
    "pct1ResTime" : 724.0,
    "pct2ResTime" : 742.0,
    "pct3ResTime" : 807.0,
    "throughput" : 77.92410192472532,
    "receivedKBytesPerSec" : 31.961057430063114,
    "sentKBytesPerSec" : 14.230280331956672
  },
  "UpdateBooking " : {
    "transaction" : "UpdateBooking ",
    "sampleCount" : 5000,
    "errorCount" : 0,
    "errorPct" : 0.0,
    "meanResTime" : 995.1563999999995,
    "medianResTime" : 1096.0,
    "minResTime" : 259.0,
    "maxResTime" : 1644.0,
    "pct1ResTime" : 1185.0,
    "pct2ResTime" : 1209.0,
    "pct3ResTime" : 1306.9899999999998,
    "throughput" : 77.92895996010037,
    "receivedKBytesPerSec" : 31.58253748382974,
    "sentKBytesPerSec" : 37.51853248079051
  },
  "DeleteBooking" : {
    "transaction" : "DeleteBooking",
    "sampleCount" : 5000,
    "errorCount" : 0,
    "errorPct" : 0.0,
    "meanResTime" : 993.198800000003,
    "medianResTime" : 1094.0,
    "minResTime" : 253.0,
    "maxResTime" : 1647.0,
    "pct1ResTime" : 1184.0,
    "pct2ResTime" : 1213.0,
    "pct3ResTime" : 1298.9899999999998,
    "throughput" : 77.97514152488188,
    "receivedKBytesPerSec" : 18.884604588057325,
    "sentKBytesPerSec" : 19.56993298036586
  }
}