{
  "GetBooking after Partial Update" : {
    "transaction" : "GetBooking after Partial Update",
    "sampleCount" : 8000,
    "errorCount" : 0,
    "errorPct" : 0.0,
    "meanResTime" : 901.6183750000002,
    "medianResTime" : 950.0,
    "minResTime" : 266.0,
    "maxResTime" : 3484.0,
    "pct1ResTime" : 1036.0,
    "pct2ResTime" : 1155.9499999999998,
    "pct3ResTime" : 1549.9899999999998,
    "throughput" : 86.56509695290859,
    "receivedKBytesPerSec" : 35.08253440962604,
    "sentKBytesPerSec" : 15.88753782150818
  },
  "GetBooking after Update" : {
    "transaction" : "GetBooking after Update",
    "sampleCount" : 8000,
    "errorCount" : 0,
    "errorPct" : 0.0,
    "meanResTime" : 895.0313750000012,
    "medianResTime" : 951.0,
    "minResTime" : 268.0,
    "maxResTime" : 3017.0,
    "pct1ResTime" : 1028.0,
    "pct2ResTime" : 1101.0,
    "pct3ResTime" : 1523.0,
    "throughput" : 86.40708538100124,
    "receivedKBytesPerSec" : 35.01849651671437,
    "sentKBytesPerSec" : 15.858537509450777
  },
  "PartialUpdateBooking" : {
    "transaction" : "PartialUpdateBooking",
    "sampleCount" : 8000,
    "errorCount" : 0,
    "errorPct" : 0.0,
    "meanResTime" : 1488.3144999999993,
    "medianResTime" : 1621.0,
    "minResTime" : 269.0,
    "maxResTime" : 6249.0,
    "pct1ResTime" : 1752.0,
    "pct2ResTime" : 1888.0,
    "pct3ResTime" : 2210.9699999999993,
    "throughput" : 86.47433333693643,
    "receivedKBytesPerSec" : 35.04575032698107,
    "sentKBytesPerSec" : 26.680171384697285
  },
  "Total" : {
    "transaction" : "Total",
    "sampleCount" : 64000,
    "errorCount" : 0,
    "errorPct" : 0.0,
    "meanResTime" : 1055.7661406249933,
    "medianResTime" : 975.0,
    "minResTime" : 265.0,
    "maxResTime" : 7198.0,
    "pct1ResTime" : 1708.0,
    "pct2ResTime" : 1862.9500000000007,
    "pct3ResTime" : 2183.9900000000016,
    "throughput" : 665.9798749206547,
    "receivedKBytesPerSec" : 247.86756569071997,
    "sentKBytesPerSec" : 190.85345499823097
  },
  "Auth" : {
    "transaction" : "Auth",
    "sampleCount" : 8000,
    "errorCount" : 0,
    "errorPct" : 0.0,
    "meanResTime" : 434.976500000001,
    "medianResTime" : 274.0,
    "minResTime" : 265.0,
    "maxResTime" : 7198.0,
    "pct1ResTime" : 1109.0,
    "pct2ResTime" : 1239.9499999999998,
    "pct3ResTime" : 2900.99,
    "throughput" : 85.09008913186837,
    "receivedKBytesPerSec" : 22.518959135484693,
    "sentKBytesPerSec" : 21.35561807313493
  },
  "Create Booking" : {
    "transaction" : "Create Booking",
    "sampleCount" : 8000,
    "errorCount" : 0,
    "errorPct" : 0.0,
    "meanResTime" : 882.4708749999998,
    "medianResTime" : 948.0,
    "minResTime" : 270.0,
    "maxResTime" : 3840.0,
    "pct1ResTime" : 1022.0,
    "pct2ResTime" : 1069.0,
    "pct3ResTime" : 1441.9899999999998,
    "throughput" : 86.32410384789694,
    "receivedKBytesPerSec" : 37.930138931226665,
    "sentKBytesPerSec" : 38.69410514275848
  },
  "GetBooking" : {
    "transaction" : "GetBooking",
    "sampleCount" : 8000,
    "errorCount" : 0,
    "errorPct" : 0.0,
    "meanResTime" : 885.1702499999982,
    "medianResTime" : 948.0,
    "minResTime" : 271.0,
    "maxResTime" : 2562.0,
    "pct1ResTime" : 1028.9000000000005,
    "pct2ResTime" : 1078.9499999999998,
    "pct3ResTime" : 1460.9899999999998,
    "throughput" : 86.3501932085573,
    "receivedKBytesPerSec" : 35.41707143319733,
    "sentKBytesPerSec" : 15.848095927643936
  },
  "UpdateBooking " : {
    "transaction" : "UpdateBooking ",
    "sampleCount" : 8000,
    "errorCount" : 0,
    "errorPct" : 0.0,
    "meanResTime" : 1478.868000000006,
    "medianResTime" : 1621.0,
    "minResTime" : 270.0,
    "maxResTime" : 3526.0,
    "pct1ResTime" : 1751.0,
    "pct2ResTime" : 1816.9499999999998,
    "pct3ResTime" : 2155.99,
    "throughput" : 86.36044691531279,
    "receivedKBytesPerSec" : 34.999595185405084,
    "sentKBytesPerSec" : 41.656908245398604
  },
  "DeleteBooking" : {
    "transaction" : "DeleteBooking",
    "sampleCount" : 8000,
    "errorCount" : 0,
    "errorPct" : 0.0,
    "meanResTime" : 1479.6792500000063,
    "medianResTime" : 1623.0,
    "minResTime" : 267.0,
    "maxResTime" : 3405.0,
    "pct1ResTime" : 1750.0,
    "pct2ResTime" : 1865.8999999999996,
    "pct3ResTime" : 2188.0,
    "throughput" : 86.5857090287248,
    "receivedKBytesPerSec" : 20.969976405394288,
    "sentKBytesPerSec" : 21.810265767392902
  }
}