{
  "GetBooking after Partial Update" : {
    "transaction" : "GetBooking after Partial Update",
    "sampleCount" : 21500,
    "errorCount" : 0,
    "errorPct" : 0.0,
    "meanResTime" : 3836.630046511617,
    "medianResTime" : 4057.0,
    "minResTime" : 269.0,
    "maxResTime" : 8921.0,
    "pct1ResTime" : 4684.0,
    "pct2ResTime" : 4970.0,
    "pct3ResTime" : 5547.990000000002,
    "throughput" : 52.380001071962816,
    "receivedKBytesPerSec" : 21.228223090688054,
    "sentKBytesPerSec" : 9.598589992039459
  },
  "GetBooking after Update" : {
    "transaction" : "GetBooking after Update",
    "sampleCount" : 21500,
    "errorCount" : 0,
    "errorPct" : 0.0,
    "meanResTime" : 3857.845348837213,
    "medianResTime" : 4044.0,
    "minResTime" : 266.0,
    "maxResTime" : 6681.0,
    "pct1ResTime" : 4850.0,
    "pct2ResTime" : 5063.0,
    "pct3ResTime" : 5663.980000000003,
    "throughput" : 52.88597537727379,
    "receivedKBytesPerSec" : 21.433281036688108,
    "sentKBytesPerSec" : 9.691309346827456
  },
  "PartialUpdateBooking" : {
    "transaction" : "PartialUpdateBooking",
    "sampleCount" : 21500,
    "errorCount" : 0,
    "errorPct" : 0.0,
    "meanResTime" : 7274.84460465118,
    "medianResTime" : 7747.0,
    "minResTime" : 270.0,
    "maxResTime" : 10263.0,
    "pct1ResTime" : 8919.0,
    "pct2ResTime" : 9174.0,
    "pct3ResTime" : 9509.990000000002,
    "throughput" : 52.47562934144306,
    "receivedKBytesPerSec" : 21.266978688182487,
    "sentKBytesPerSec" : 16.175567457574065
  },
  "Total" : {
    "transaction" : "Total",
    "sampleCount" : 172000,
    "errorCount" : 0,
    "errorPct" : 0.0,
    "meanResTime" : 4653.182081395359,
    "medianResTime" : 4006.0,
    "minResTime" : 251.0,
    "maxResTime" : 11793.0,
    "pct1ResTime" : 7739.9000000000015,
    "pct2ResTime" : 8446.0,
    "pct3ResTime" : 8940.0,
    "throughput" : 414.98681451778293,
    "receivedKBytesPerSec" : 154.4370550993013,
    "sentKBytesPerSec" : 118.83671727786745
  },
  "Auth" : {
    "transaction" : "Auth",
    "sampleCount" : 21500,
    "errorCount" : 0,
    "errorPct" : 0.0,
    "meanResTime" : 472.0955813953466,
    "medianResTime" : 270.0,
    "minResTime" : 251.0,
    "maxResTime" : 6500.0,
    "pct1ResTime" : 815.0,
    "pct2ResTime" : 1122.0,
    "pct3ResTime" : 3547.980000000003,
    "throughput" : 54.645086517150936,
    "receivedKBytesPerSec" : 14.461736763816312,
    "sentKBytesPerSec" : 13.714635971589638
  },
  "Create Booking" : {
    "transaction" : "Create Booking",
    "sampleCount" : 21500,
    "errorCount" : 0,
    "errorPct" : 0.0,
    "meanResTime" : 3602.313395348842,
    "medianResTime" : 3950.0,
    "minResTime" : 268.0,
    "maxResTime" : 6147.0,
    "pct1ResTime" : 4560.0,
    "pct2ResTime" : 4697.0,
    "pct3ResTime" : 5032.0,
    "throughput" : 54.50447824003772,
    "receivedKBytesPerSec" : 23.933380336844014,
    "sentKBytesPerSec" : 24.43120655486066
  },
  "GetBooking" : {
    "transaction" : "GetBooking",
    "sampleCount" : 21500,
    "errorCount" : 0,
    "errorPct" : 0.0,
    "meanResTime" : 3673.2407441860487,
    "medianResTime" : 3985.0,
    "minResTime" : 268.0,
    "maxResTime" : 7923.0,
    "pct1ResTime" : 4648.0,
    "pct2ResTime" : 4903.0,
    "pct3ResTime" : 5176.0,
    "throughput" : 54.07947922719167,
    "receivedKBytesPerSec" : 22.18103640177783,
    "sentKBytesPerSec" : 9.910017897320676
  },
  "UpdateBooking " : {
    "transaction" : "UpdateBooking ",
    "sampleCount" : 21500,
    "errorCount" : 0,
    "errorPct" : 0.0,
    "meanResTime" : 7236.912186046487,
    "medianResTime" : 7747.0,
    "minResTime" : 270.0,
    "maxResTime" : 11793.0,
    "pct1ResTime" : 9040.900000000001,
    "pct2ResTime" : 9285.0,
    "pct3ResTime" : 9738.0,
    "throughput" : 53.28535173288921,
    "receivedKBytesPerSec" : 21.59513766518459,
    "sentKBytesPerSec" : 25.687656467633484
  },
  "DeleteBooking" : {
    "transaction" : "DeleteBooking",
    "sampleCount" : 21500,
    "errorCount" : 0,
    "errorPct" : 0.0,
    "meanResTime" : 7271.574744186041,
    "medianResTime" : 7836.0,
    "minResTime" : 271.0,
    "maxResTime" : 11329.0,
    "pct1ResTime" : 8972.0,
    "pct2ResTime" : 9238.0,
    "pct3ResTime" : 9722.980000000003,
    "throughput" : 52.33027951671161,
    "receivedKBytesPerSec" : 12.673739570453595,
    "sentKBytesPerSec" : 13.16674376128752
  }
}